<configs>
	<append xpath="/Sounds">
		<SoundDataNode name="bellbongNew">
			<AudioSource name="Sounds/AudioSource_Impact"/>
			<Noise ID="0" noise="20" time="3" muffled_when_crouched="0.65" heat_map_strength="0.03" heat_map_time="45"/>
			<AudioClip ClipName="#@modfolder:Resources/Bell.unity3d?BellBongNew"/>
			<LowestPitch name="0.9"/>
			<HighestPitch name="1.1"/>
			<LocalCrouchVolumeScale value="0.3"/>
			<CrouchNoiseScale value="0.5"/>
			<NoiseScale value="1"/>
			<MaxVoices value="3"/>
			<MaxRepeatRate value="0.01"/>
		</SoundDataNode>
	</append>
</configs>