<configs>
	<append xpath="/blocks">		
		<block name="signJWNeon">
			<property name="Class" value="PoweredLight"/>
			<property name="DescriptionKey" value="lightPOIGroupDesc"/>
			<property name="Shape" value="ModelEntity"/>
			<property name="Model" value="#@modfolder:Resources/JWsigns.unity3d?JWsign1"/>
			<property name="ModelOffset" value="0,0,0"/>
			<property name="RuntimeSwitch" value="true"/>
			<property name="Material" value="Mmetal_weak"/>
			<property name="ImposterDontBlock" value="true"/>
			<property name="WaterFlow" value="permitted"/>
			<property name="HandleFace" value="South"/>
			<property name="OnlySimpleRotations" value="true"/>
			<property name="Collide" value="movement,melee,bullet,arrow,rocket"/>
			<property name="StabilitySupport" value="false"/>
			<property name="EconomicValue" value="150"/> <!-- disassemble value -->
			<property name="TakeDelay" value="5"/>
			<drop event="Harvest" name="terrStone" count="0" tool_category="Disassemble"/>
			<drop event="Harvest" name="resourceElectricParts" count="2" prob="0.7" tag="salvageHarvest"/>
			<drop event="Harvest" name="resourceScrapPolymers" count="2" prob="0.8" tag="allHarvest"/>
			<drop event="Destroy" name="resourceScrapIron" count="1,5"/>
			<drop event="Fall" name="scrapMetalPile" count="1" prob="0.75" stick_chance="1"/>
			<property name="Group" value="Science,Decor/Miscellaneous"/>
			<property name="SortOrder1" value="B700"/>
			<property name="SortOrder2" value="0001"/>
			<property name="FilterTags" value="MC_building,SC_commercial,SC_lighting,MC_outdoor"/>
			<property name="Tags" value="challenge_elec_parts"/>
		</block>	
		<block name="signJWNeonSmall">
			<property name="Class" value="Switch"/>
			<property name="TriggerType" value="Switch"/>
			<property name="RequiredPower" value="0"/>
			<property name="Material" value="Msteel"/>
			<property name="Shape" value="ModelEntity"/>
			<property name="Model" value="#@modfolder:Resources/JWsigns.unity3d?JWsign2"/>
			<property name="ModelOffset" value="0,0,0"/>
			<property name="LightOpacity" value="2"/>
			<property name="WaterFlow" value="permitted"/>
			<property name="Place" value="TowardsPlacerInverted"/>
			<property name="Collide" value="movement,melee,bullet,arrow,rocket"/>
			<property class="RepairItems">
				<property name="resourceForgedIron" value="1"/>
			</property>
			<drop event="Harvest" name="terrStone" count="0" tool_category="Disassemble"/>
			<drop event="Harvest" name="resourceElectricParts" count="1" tag="salvageHarvest"/>
			<drop event="Harvest" name="resourceScrapIron" count="2,6" tag="salvageHarvest"/>
			<drop event="Destroy" count="0"/>
			<drop event="Fall" count="0" prob="0"/>
			<property name="SortOrder1" value="B154"/>
			<property name="SortOrder2" value="0000"/>
			<property name="FilterTags" value="MC_building,SC_electrical"/>
		</block>
		<block name="signJWNeonSmall">
			<property name="Class" value="Switch"/>
			<property name="TriggerType" value="Switch"/>
			<property name="RequiredPower" value="0"/>
			<property name="Material" value="Msteel"/>
			<property name="Shape" value="ModelEntity"/>
			<property name="Model" value="#@modfolder:Resources/JWsigns.unity3d?JWsign2"/>
			<property name="ModelOffset" value="0,0,0"/>
			<property name="LightOpacity" value="2"/>
			<property name="WaterFlow" value="permitted"/>
			<property name="Place" value="TowardsPlacerInverted"/>
			<property name="Collide" value="movement,melee,bullet,arrow,rocket"/>
			<property class="RepairItems">
				<property name="resourceForgedIron" value="1"/>
			</property>
			<drop event="Harvest" name="terrStone" count="0" tool_category="Disassemble"/>
			<drop event="Harvest" name="resourceElectricParts" count="1" tag="salvageHarvest"/>
			<drop event="Harvest" name="resourceScrapIron" count="2,6" tag="salvageHarvest"/>
			<drop event="Destroy" count="0"/>
			<drop event="Fall" count="0" prob="0"/>
			<property name="SortOrder1" value="B154"/>
			<property name="SortOrder2" value="0000"/>
			<property name="FilterTags" value="MC_building,SC_electrical"/>
		</block>
		<block name="signJWNeonSmallOffset">
			<property name="Class" value="Switch"/>
			<property name="TriggerType" value="Switch"/>
			<property name="RequiredPower" value="0"/>
			<property name="Material" value="Msteel"/>
			<property name="CustomIcon" value="signJWNeonSmall"/>
			<property name="Shape" value="ModelEntity"/>
			<property name="Model" value="#@modfolder:Resources/JWsigns.unity3d?JWsign2"/>
			<property name="ModelOffset" value="-0.28,0,0"/>
			<property name="LightOpacity" value="2"/>
			<property name="WaterFlow" value="permitted"/>
			<property name="Place" value="TowardsPlacerInverted"/>
			<property name="Collide" value="movement,melee,bullet,arrow,rocket"/>
			<property class="RepairItems">
				<property name="resourceForgedIron" value="1"/>
			</property>
			<drop event="Harvest" name="terrStone" count="0" tool_category="Disassemble"/>
			<drop event="Harvest" name="resourceElectricParts" count="1" tag="salvageHarvest"/>
			<drop event="Harvest" name="resourceScrapIron" count="2,6" tag="salvageHarvest"/>
			<drop event="Destroy" count="0"/>
			<drop event="Fall" count="0" prob="0"/>
			<property name="SortOrder1" value="B154"/>
			<property name="SortOrder2" value="0000"/>
			<property name="FilterTags" value="MC_building,SC_electrical"/>
		</block>
		<block name="signJWVariantHelper">
			<property name="Extends" value="signJWNeonSmall"/>
			<property name="CreativeMode" value="Player"/>
			<property name="CustomIcon" value="signJWNeon"/>
			<property name="ItemTypeIcon" value="all_blocks"/>
			<property name="DescriptionKey" value="blockVariantHelperGroupDesc"/>
			<property name="SelectAlternates" value="true"/>
			<property name="PlaceAltBlockValue" value="signJWNeon,signJWNeonSmall,signJWNeonSmallOffset"/>
			<property name="SortOrder1" value="U200"/>
			<property name="EconomicValue" value="25"/>
			<property name="Group" value="Decor/Miscellaneous"/>
			<property name="FilterTags" value="MC_building,SC_decor,MC_playerBlocks,SC_playerHelpers"/>
		</block>
	</append>
</configs>
