<Configs>

<remove xpath="/Sounds/SoundDataNode[@name='alarm1']" />	

<append xpath="/Sounds">

	<SoundDataNode name="alarm1"> <AudioSource name="Sounds/AudioSource_VO_Announce"/>
		<!--<AudioClip ClipName="#@modfolder:Resources/WoodleSpeaker.unity3d?speaker01" />-->
		<AudioClip ClipName="#@modfolder:Resources/WoodleSpeaker.unity3d?Speaker/Audio Track"/>
		<AudioClip ClipName="#@modfolder:Resources/WoodleSpeaker.unity3d?Speaker/Audio Track-2"/>
		<AudioClip ClipName="#@modfolder:Resources/WoodleSpeaker.unity3d?Speaker/Audio Track-3"/>
		<AudioClip ClipName="#@modfolder:Resources/WoodleSpeaker.unity3d?Speaker/Audio Track-4"/>
		<AudioClip ClipName="#@modfolder:Resources/WoodleSpeaker.unity3d?Speaker/Audio Track-5"/>
		<AudioClip ClipName="#@modfolder:Resources/WoodleSpeaker.unity3d?Speaker/Audio Track-6"/>
		<AudioClip ClipName="#@modfolder:Resources/WoodleSpeaker.unity3d?Speaker/Audio Track-7"/>
		<AudioClip ClipName="#@modfolder:Resources/WoodleSpeaker.unity3d?Speaker/Audio Track-8"/>
		<AudioClip ClipName="#@modfolder:Resources/WoodleSpeaker.unity3d?Speaker/Audio Track-9"/>
		<AudioClip ClipName="#@modfolder:Resources/WoodleSpeaker.unity3d?Speaker/Audio Track-10"/>
		<AudioClip ClipName="#@modfolder:Resources/WoodleSpeaker.unity3d?Speaker/Audio Track-11"/>
		<AudioClip ClipName="#@modfolder:Resources/WoodleSpeaker.unity3d?Speaker/Audio Track-12"/>
		<AudioClip ClipName="#@modfolder:Resources/WoodleSpeaker.unity3d?Speaker/Audio Track-13"/>
		<AudioClip ClipName="#@modfolder:Resources/WoodleSpeaker.unity3d?Speaker/Audio Track-15"/>
		<AudioClip ClipName="#@modfolder:Resources/WoodleSpeaker.unity3d?Speaker/Audio Track-16"/>
		<LocalCrouchVolumeScale value="1.0"/> <CrouchNoiseScale value="0.5"/> <NoiseScale value="1"/> <MaxVoices value="10"/> <MaxRepeatRate value="0"/> 
	</SoundDataNode>

  </append>
	
</Configs>	