<configs>
	<append xpath="/blocks">		
		<block name="jwc1">
			<property name="Extends" value="pictureCanvas_01a"/>
			<property name="CreativeMode" value="Player"/>
			<property name="Model" value="#@modfolder:Resources/WoodleCoffs.unity3d?jwc1"/>
			<property name="ModelOffset" value="0,0,0"/>
			<property name="MultiBlockDim" value="1,1,1"/>
			<property name="MaxDamage" value="25"/>
			<property name="SortOrder2" value="0001"/>
		</block>		
		<block name="jwc2">
			<property name="Extends" value="pictureCanvas_01a"/>
			<property name="CreativeMode" value="Player"/>
			<property name="CustomIcon" value="jwc1"/>
			<property name="Model" value="#@modfolder:Resources/WoodleCoffs.unity3d?jwc2"/>
			<property name="ModelOffset" value="0,0,0"/>
			<property name="MultiBlockDim" value="2,2,1"/>
			<property name="MaxDamage" value="25"/>
			<property name="SortOrder2" value="0001"/>
		</block>		
		<block name="jwc3">
			<property name="Extends" value="pictureCanvas_01a"/>
			<property name="CreativeMode" value="Player"/>
			<property name="CustomIcon" value="jwc1"/>
			<property name="Model" value="#@modfolder:Resources/WoodleCoffs.unity3d?jwc3"/>
			<property name="ModelOffset" value="0,0,0"/>
			<property name="MultiBlockDim" value="3,3,1"/>
			<property name="MaxDamage" value="25"/>
			<property name="SortOrder2" value="0001"/>
		</block>		
		<block name="jw1">
			<property name="Extends" value="pictureCanvas_01a"/>
			<property name="CreativeMode" value="Player"/>
			<property name="Model" value="#@modfolder:Resources/WoodleCoffs.unity3d?jw1"/>
			<property name="ModelOffset" value="0,0,0"/>
			<property name="MultiBlockDim" value="1,1,1"/>
			<property name="MaxDamage" value="25"/>
			<property name="SortOrder2" value="0001"/>
		</block>		
		<block name="jw2">
			<property name="Extends" value="pictureCanvas_01a"/>
			<property name="CreativeMode" value="Player"/>
			<property name="CustomIcon" value="jw1"/>
			<property name="Model" value="#@modfolder:Resources/WoodleCoffs.unity3d?jw2"/>
			<property name="ModelOffset" value="0,0,0"/>
			<property name="MultiBlockDim" value="2,2,1"/>
			<property name="MaxDamage" value="25"/>
			<property name="SortOrder2" value="0001"/>
		</block>		
		<block name="jw3">
			<property name="Extends" value="pictureCanvas_01a"/>
			<property name="CreativeMode" value="Player"/>
			<property name="CustomIcon" value="jw1"/>
			<property name="Model" value="#@modfolder:Resources/WoodleCoffs.unity3d?jw3"/>
			<property name="ModelOffset" value="0,0,0"/>
			<property name="MultiBlockDim" value="3,3,1"/>
			<property name="MaxDamage" value="25"/>
			<property name="SortOrder2" value="0001"/>
		</block>
		<block name="jwcVariantHelper">
			<property name="Extends" value="pictureCanvas_01a"/>
			<property name="CreativeMode" value="Player"/>
			<property name="CustomIcon" value="jw1"/>
			<property name="ItemTypeIcon" value="all_blocks"/>
			<property name="DescriptionKey" value="blockVariantHelperGroupDesc"/>
			<property name="SelectAlternates" value="true"/>
			<property name="PlaceAltBlockValue" value="jwc1,jwc2,jwc3,jw1,jw2,jw3"/>
			<property name="SortOrder1" value="U200"/>
			<property name="EconomicValue" value="25"/>
			<property name="Group" value="Decor/Miscellaneous"/>
			<property name="FilterTags" value="MC_building,SC_decor,MC_playerBlocks,SC_playerHelpers"/>
		</block>
	</append>
</configs>
