<configs>
	<append xpath="/blocks">
		<block name="armorRackPlayer">
			<property name="Material" value="Mplastics"/>
			<property name="CreativeMode" value="None"/>
			<property name="CustomIcon" value="armorRackPlayerFemale"/>
			<property name="Class" value="ArmorRack, ArmorRacks"/>
			<property name="DescriptionKey" value="weaponRackPlayerDesc"/>
			<property name="OnlySimpleRotations" value="true"/>
			<property name="AllowedRotations" value="Basic90"/>
			<property name="Model" value="#@modfolder:Resources/armorRacks.unity3d?rackFemaleWhite"/>
			<property name="LootList" value="ArmorRackPlayer"/>
			<property name="MultiBlockDim" value="2,2,1"/>
			<property name="ModelOffset" value="0,0,0"/>
			<property name="Shape" value="ModelEntity"/>
			<property name="Place" value="TowardsPlacerInverted"/>
			<property class="RepairItems">
				<property name="resourceScrapPolymers" value="50"/>
			</property>
			<drop event="Harvest" name="resourceScrapPolymers" count="10,15" tag="allHarvest"/>
			<drop event="Destroy" count="0"/>
			<drop event="Fall" name="terrDestroyedStone" count="0"/>
			<property name="IsMale" value="false"/>
		</block>
		<block name="armorRackPlayerFemaleWhite">
			<property name="Extends" value="armorRackPlayer"/>
			<property name="CreativeMode" value="None"/>
			<property name="TintColor" value="255,255,255"/>
			<property name="CustomIconTint" value="255,255,255"/>
			<property name="SortOrder1" value="0000"/>
			<property name="SortOrder2" value="0000"/>
		</block>
		<block name="armorRackPlayerFemaleBlack">
			<property name="Extends" value="armorRackPlayer"/>
			<property name="CreativeMode" value="None"/>
			<property name="TintColor" value="0,0,0"/>
			<property name="CustomIconTint" value="0,0,0"/>
			<property name="SortOrder1" value="0000"/>
			<property name="SortOrder2" value="0001"/>
		</block>
		<block name="armorRackPlayerFemaleDarkGray">
			<property name="Extends" value="armorRackPlayer"/>
			<property name="CreativeMode" value="None"/>
			<property name="TintColor" value="87,87,87"/>
			<property name="CustomIconTint" value="87,87,87"/>
			<property name="SortOrder1" value="0000"/>
			<property name="SortOrder2" value="0002"/>
		</block>
		<block name="armorRackPlayerFemaleRed">
			<property name="Extends" value="armorRackPlayer"/>
			<property name="CreativeMode" value="None"/>
			<property name="TintColor" value="173,35,35"/>
			<property name="CustomIconTint" value="173,35,35"/>
			<property name="SortOrder1" value="0000"/>
			<property name="SortOrder2" value="0003"/>
		</block>
		<block name="armorRackPlayerFemaleBlue">
			<property name="Extends" value="armorRackPlayer"/>
			<property name="CreativeMode" value="None"/>
			<property name="TintColor" value="42,75,215"/>
			<property name="CustomIconTint" value="42,75,215"/>
			<property name="SortOrder1" value="0000"/>
			<property name="SortOrder2" value="0004"/>
		</block>
		<block name="armorRackPlayerFemaleGreen">
			<property name="Extends" value="armorRackPlayer"/>
			<property name="CreativeMode" value="None"/>
			<property name="TintColor" value="29,105,20"/>
			<property name="CustomIconTint" value="29,105,20"/>
			<property name="SortOrder1" value="0000"/>
			<property name="SortOrder2" value="0005"/>
		</block>
		<block name="armorRackPlayerFemaleBrown">
			<property name="Extends" value="armorRackPlayer"/>
			<property name="CreativeMode" value="None"/>
			<property name="TintColor" value="129,74,25"/>
			<property name="CustomIconTint" value="129,74,25"/>
			<property name="SortOrder1" value="0000"/>
			<property name="SortOrder2" value="0006"/>
		</block>
		<block name="armorRackPlayerFemalePurple">
			<property name="Extends" value="armorRackPlayer"/>
			<property name="CreativeMode" value="None"/>
			<property name="TintColor" value="129,38,192"/>
			<property name="CustomIconTint" value="129,38,192"/>
			<property name="SortOrder1" value="0000"/>
			<property name="SortOrder2" value="0007"/>
		</block>
		<block name="armorRackPlayerFemaleLightGray">
			<property name="Extends" value="armorRackPlayer"/>
			<property name="CreativeMode" value="None"/>
			<property name="TintColor" value="160,160,160"/>
			<property name="CustomIconTint" value="160,160,160"/>
			<property name="SortOrder1" value="0000"/>
			<property name="SortOrder2" value="0008"/>
		</block>
		<block name="armorRackPlayerFemaleLightGreen">
			<property name="Extends" value="armorRackPlayer"/>
			<property name="CreativeMode" value="None"/>
			<property name="TintColor" value="129,197,122"/>
			<property name="CustomIconTint" value="129,197,122"/>
			<property name="SortOrder1" value="0000"/>
			<property name="SortOrder2" value="0009"/>
		</block>
		<block name="armorRackPlayerFemaleLightBlue">
			<property name="Extends" value="armorRackPlayer"/>
			<property name="CreativeMode" value="None"/>
			<property name="TintColor" value="157,175,255"/>
			<property name="CustomIconTint" value="157,175,255"/>
			<property name="SortOrder1" value="0000"/>
			<property name="SortOrder2" value="0010"/>
		</block>
		<block name="armorRackPlayerFemaleCyan">
			<property name="Extends" value="armorRackPlayer"/>
			<property name="CreativeMode" value="None"/>
			<property name="TintColor" value="41,208,208"/>
			<property name="CustomIconTint" value="41,208,208"/>
			<property name="SortOrder1" value="0000"/>
			<property name="SortOrder2" value="0011"/>
		</block>
		<block name="armorRackPlayerFemaleOrange">
			<property name="Extends" value="armorRackPlayer"/>
			<property name="CreativeMode" value="None"/>
			<property name="TintColor" value="255,146,51"/>
			<property name="CustomIconTint" value="255,146,51"/>
			<property name="SortOrder2" value="0012"/>
		</block>
		<block name="armorRackPlayerFemaleYellow">
			<property name="Extends" value="armorRackPlayer"/>
			<property name="CreativeMode" value="None"/>
			<property name="TintColor" value="255,238,51"/>
			<property name="CustomIconTint" value="255,238,51"/>
			<property name="SortOrder1" value="0000"/>
			<property name="SortOrder2" value="0013"/>
		</block>
		<block name="armorRackPlayerFemaleTan">
			<property name="Extends" value="armorRackPlayer"/>
			<property name="CreativeMode" value="None"/>
			<property name="TintColor" value="233,222,187"/>
			<property name="CustomIconTint" value="233,222,187"/>
			<property name="SortOrder1" value="0000"/>
			<property name="SortOrder2" value="0014"/>
		</block>
		<block name="armorRackPlayerFemalePink">
			<property name="Extends" value="armorRackPlayer"/>
			<property name="CreativeMode" value="None"/>
			<property name="TintColor" value="255,205,243"/>
			<property name="CustomIconTint" value="255,205,243"/>
			<property name="SortOrder1" value="0000"/>
			<property name="SortOrder2" value="0015"/>
		</block>
		<block name="armorRackPlayerMaleWhite">
			<property name="Extends" value="armorRackPlayer"/>
			<property name="CreativeMode" value="None"/>
			<property name="CustomIcon" value="armorRackPlayerMale"/>
			<property name="Model" value="#@modfolder:Resources/armorRacks.unity3d?rackMaleWhite"/>
			<property name="IsMale" value="true"/>
			<property name="TintColor" value="255,255,255"/>
			<property name="CustomIconTint" value="255,255,255"/>
			<property name="SortOrder1" value="0100"/>
			<property name="SortOrder2" value="1000"/>
		</block>
		<block name="armorRackPlayerMaleBlack">
			<property name="Extends" value="armorRackPlayer"/>
			<property name="CreativeMode" value="None"/>
			<property name="CustomIcon" value="armorRackPlayerMale"/>
			<property name="Model" value="#@modfolder:Resources/armorRacks.unity3d?rackMaleWhite"/>
			<property name="IsMale" value="true"/>
			<property name="TintColor" value="0,0,0"/>
			<property name="CustomIconTint" value="0,0,0"/>
			<property name="SortOrder1" value="0100"/>
			<property name="SortOrder2" value="1001"/>
		</block>
		<block name="armorRackPlayerMaleDarkGray">
			<property name="Extends" value="armorRackPlayer"/>
			<property name="CreativeMode" value="None"/>
			<property name="CustomIcon" value="armorRackPlayerMale"/>
			<property name="Model" value="#@modfolder:Resources/armorRacks.unity3d?rackMaleWhite"/>
			<property name="IsMale" value="true"/>
			<property name="TintColor" value="87,87,87"/>
			<property name="CustomIconTint" value="87,87,87"/>
			<property name="SortOrder1" value="0100"/>
			<property name="SortOrder2" value="1002"/>
		</block>
		<block name="armorRackPlayerMaleRed">
			<property name="Extends" value="armorRackPlayer"/>
			<property name="CreativeMode" value="None"/>
			<property name="CustomIcon" value="armorRackPlayerMale"/>
			<property name="Model" value="#@modfolder:Resources/armorRacks.unity3d?rackMaleWhite"/>
			<property name="IsMale" value="true"/>
			<property name="TintColor" value="173,35,35"/>
			<property name="CustomIconTint" value="173,35,35"/>
			<property name="SortOrder1" value="0100"/>
			<property name="SortOrder2" value="1003"/>
		</block>
		<block name="armorRackPlayerMaleBlue">
			<property name="Extends" value="armorRackPlayer"/>
			<property name="CreativeMode" value="None"/>
			<property name="CustomIcon" value="armorRackPlayerMale"/>
			<property name="Model" value="#@modfolder:Resources/armorRacks.unity3d?rackMaleWhite"/>
			<property name="IsMale" value="true"/>
			<property name="TintColor" value="42,75,215"/>
			<property name="CustomIconTint" value="42,75,215"/>
			<property name="SortOrder1" value="0100"/>
			<property name="SortOrder2" value="1004"/>
		</block>
		<block name="armorRackPlayerMaleGreen">
			<property name="Extends" value="armorRackPlayer"/>
			<property name="CreativeMode" value="None"/>
			<property name="CustomIcon" value="armorRackPlayerMale"/>
			<property name="Model" value="#@modfolder:Resources/armorRacks.unity3d?rackMaleWhite"/>
			<property name="IsMale" value="true"/>
			<property name="TintColor" value="29,105,20"/>
			<property name="CustomIconTint" value="29,105,20"/>
			<property name="SortOrder1" value="0100"/>
			<property name="SortOrder2" value="1005"/>
		</block>
		<block name="armorRackPlayerMaleBrown">
			<property name="Extends" value="armorRackPlayer"/>
			<property name="CreativeMode" value="None"/>
			<property name="CustomIcon" value="armorRackPlayerMale"/>
			<property name="Model" value="#@modfolder:Resources/armorRacks.unity3d?rackMaleWhite"/>
			<property name="IsMale" value="true"/>
			<property name="TintColor" value="129,74,25"/>
			<property name="CustomIconTint" value="129,74,25"/>
			<property name="SortOrder1" value="0100"/>
			<property name="SortOrder2" value="1006"/>
		</block>
		<block name="armorRackPlayerMalePurple">
			<property name="Extends" value="armorRackPlayer"/>
			<property name="CreativeMode" value="None"/>
			<property name="CustomIcon" value="armorRackPlayerMale"/>
			<property name="Model" value="#@modfolder:Resources/armorRacks.unity3d?rackMaleWhite"/>
			<property name="IsMale" value="true"/>
			<property name="TintColor" value="129,38,192"/>
			<property name="CustomIconTint" value="129,38,192"/>
			<property name="SortOrder1" value="0100"/>
			<property name="SortOrder2" value="1007"/>
		</block>
		<block name="armorRackPlayerMaleLightGray">
			<property name="Extends" value="armorRackPlayer"/>
			<property name="CreativeMode" value="None"/>
			<property name="CustomIcon" value="armorRackPlayerMale"/>
			<property name="Model" value="#@modfolder:Resources/armorRacks.unity3d?rackMaleWhite"/>
			<property name="IsMale" value="true"/>
			<property name="TintColor" value="160,160,160"/>
			<property name="CustomIconTint" value="160,160,160"/>
			<property name="SortOrder1" value="0100"/>
			<property name="SortOrder2" value="10008"/>
		</block>
		<block name="armorRackPlayerMaleLightGreen">
			<property name="Extends" value="armorRackPlayer"/>
			<property name="CreativeMode" value="None"/>
			<property name="CustomIcon" value="armorRackPlayerMale"/>
			<property name="Model" value="#@modfolder:Resources/armorRacks.unity3d?rackMaleWhite"/>
			<property name="IsMale" value="true"/>
			<property name="TintColor" value="129,197,122"/>
			<property name="CustomIconTint" value="129,197,122"/>
			<property name="SortOrder1" value="0100"/>
			<property name="SortOrder2" value="1009"/>
		</block>
		<block name="armorRackPlayerMaleLightBlue">
			<property name="Extends" value="armorRackPlayer"/>
			<property name="CreativeMode" value="None"/>
			<property name="CustomIcon" value="armorRackPlayerMale"/>
			<property name="Model" value="#@modfolder:Resources/armorRacks.unity3d?rackMaleWhite"/>
			<property name="IsMale" value="true"/>
			<property name="TintColor" value="157,175,255"/>
			<property name="CustomIconTint" value="157,175,255"/>
			<property name="SortOrder1" value="0100"/>
			<property name="SortOrder2" value="1010"/>
		</block>
		<block name="armorRackPlayerMaleCyan">
			<property name="Extends" value="armorRackPlayer"/>
			<property name="CreativeMode" value="None"/>
			<property name="CustomIcon" value="armorRackPlayerMale"/>
			<property name="Model" value="#@modfolder:Resources/armorRacks.unity3d?rackMaleWhite"/>
			<property name="IsMale" value="true"/>
			<property name="TintColor" value="41,208,208"/>
			<property name="CustomIconTint" value="41,208,208"/>
			<property name="SortOrder1" value="0100"/>
			<property name="SortOrder2" value="1011"/>
		</block>
		<block name="armorRackPlayerMaleOrange">
			<property name="Extends" value="armorRackPlayer"/>
			<property name="CreativeMode" value="None"/>
			<property name="CustomIcon" value="armorRackPlayerMale"/>
			<property name="Model" value="#@modfolder:Resources/armorRacks.unity3d?rackMaleWhite"/>
			<property name="IsMale" value="true"/>
			<property name="TintColor" value="255,146,51"/>
			<property name="CustomIconTint" value="255,146,51"/>
			<property name="SortOrder1" value="0100"/>
			<property name="SortOrder2" value="1012"/>
		</block>
		<block name="armorRackPlayerMaleYellow">
			<property name="Extends" value="armorRackPlayer"/>
			<property name="CreativeMode" value="None"/>
			<property name="CustomIcon" value="armorRackPlayerMale"/>
			<property name="Model" value="#@modfolder:Resources/armorRacks.unity3d?rackMaleWhite"/>
			<property name="IsMale" value="true"/>
			<property name="TintColor" value="255,238,51"/>
			<property name="CustomIconTint" value="255,238,51"/>
			<property name="SortOrder1" value="0100"/>
			<property name="SortOrder2" value="1013"/>
		</block>
		<block name="armorRackPlayerMaleTan">
			<property name="Extends" value="armorRackPlayer"/>
			<property name="CreativeMode" value="None"/>
			<property name="CustomIcon" value="armorRackPlayerMale"/>
			<property name="Model" value="#@modfolder:Resources/armorRacks.unity3d?rackMaleWhite"/>
			<property name="IsMale" value="true"/>
			<property name="TintColor" value="233,222,187"/>
			<property name="CustomIconTint" value="233,222,187"/>
			<property name="SortOrder1" value="0100"/>
			<property name="SortOrder2" value="1014"/>
		</block>
		<block name="armorRackPlayerMalePink">
			<property name="Extends" value="armorRackPlayer"/>
			<property name="CreativeMode" value="None"/>
			<property name="CustomIcon" value="armorRackPlayerMale"/>
			<property name="Model" value="#@modfolder:Resources/armorRacks.unity3d?rackMaleWhite"/>
			<property name="IsMale" value="true"/>
			<property name="TintColor" value="255,205,243"/>
			<property name="CustomIconTint" value="255,205,243"/>
			<property name="SortOrder1" value="0100"/>
			<property name="SortOrder2" value="1015"/>
		</block>
		<block name="armorRackPlayerFemaleWhite_B">
			<property name="Extends" value="armorRackPlayerFemaleWhite"/>
			<property name="MultiBlockDim" value="1,2,1"/>
			<property name="CreativeMode" value="None"/>
			<property name="SortOrder1" value="0200"/>
			<property name="SortOrder2" value="1100"/>
		</block>
		<block name="armorRackPlayerFemaleBlack_B">
			<property name="Extends" value="armorRackPlayerFemaleBlack"/>
			<property name="MultiBlockDim" value="1,2,1"/>
			<property name="CreativeMode" value="None"/>
			<property name="SortOrder1" value="0200"/>
			<property name="SortOrder2" value="1101"/>
		</block>
		<block name="armorRackPlayerFemaleDarkGray_B">
			<property name="Extends" value="armorRackPlayerFemaleDarkGray"/>
			<property name="MultiBlockDim" value="1,2,1"/>
			<property name="CreativeMode" value="None"/>
			<property name="SortOrder1" value="0200"/>
			<property name="SortOrder2" value="1102"/>
		</block>
		<block name="armorRackPlayerFemaleRed_B">
			<property name="Extends" value="armorRackPlayerFemaleRed"/>
			<property name="MultiBlockDim" value="1,2,1"/>
			<property name="CreativeMode" value="None"/>
			<property name="SortOrder1" value="0200"/>
			<property name="SortOrder2" value="1103"/>
		</block>
		<block name="armorRackPlayerFemaleBlue_B">
			<property name="Extends" value="armorRackPlayerFemaleBlue"/>
			<property name="MultiBlockDim" value="1,2,1"/>
			<property name="CreativeMode" value="None"/>
			<property name="SortOrder1" value="0200"/>
			<property name="SortOrder2" value="1104"/>
		</block>
		<block name="armorRackPlayerFemaleGreen_B">
			<property name="Extends" value="armorRackPlayerFemaleGreen"/>
			<property name="MultiBlockDim" value="1,2,1"/>
			<property name="CreativeMode" value="None"/>
			<property name="SortOrder1" value="0200"/>
			<property name="SortOrder2" value="1105"/>
		</block>
		<block name="armorRackPlayerFemaleBrown_B">
			<property name="Extends" value="armorRackPlayerFemaleBrown"/>
			<property name="MultiBlockDim" value="1,2,1"/>
			<property name="CreativeMode" value="None"/>
			<property name="SortOrder1" value="0200"/>
			<property name="SortOrder2" value="1106"/>
		</block>
		<block name="armorRackPlayerFemalePurple_B">
			<property name="Extends" value="armorRackPlayerFemalePurple"/>
			<property name="MultiBlockDim" value="1,2,1"/>
			<property name="CreativeMode" value="None"/>
			<property name="SortOrder1" value="0200"/>
			<property name="SortOrder2" value="1107"/>
		</block>
		<block name="armorRackPlayerFemaleLightGray_B">
			<property name="Extends" value="armorRackPlayerFemaleLightGray"/>
			<property name="MultiBlockDim" value="1,2,1"/>
			<property name="CreativeMode" value="None"/>
			<property name="SortOrder1" value="0200"/>
			<property name="SortOrder2" value="1108"/>
		</block>
		<block name="armorRackPlayerFemaleLightGreen_B">
			<property name="Extends" value="armorRackPlayerFemaleLightGreen"/>
			<property name="MultiBlockDim" value="1,2,1"/>
			<property name="CreativeMode" value="None"/>
			<property name="SortOrder1" value="0200"/>
			<property name="SortOrder2" value="1109"/>
		</block>
		<block name="armorRackPlayerFemaleLightBlue_B">
			<property name="Extends" value="armorRackPlayerFemaleLightBlue"/>
			<property name="MultiBlockDim" value="1,2,1"/>
			<property name="CreativeMode" value="None"/>
			<property name="SortOrder1" value="0200"/>
			<property name="SortOrder2" value="1110"/>
		</block>
		<block name="armorRackPlayerFemaleCyan_B">
			<property name="Extends" value="armorRackPlayerFemaleCyan"/>
			<property name="MultiBlockDim" value="1,2,1"/>
			<property name="CreativeMode" value="None"/>
			<property name="SortOrder1" value="0200"/>
			<property name="SortOrder2" value="1111"/>
		</block>
		<block name="armorRackPlayerFemaleOrange_B">
			<property name="Extends" value="armorRackPlayerFemaleOrange"/>
			<property name="MultiBlockDim" value="1,2,1"/>
			<property name="CreativeMode" value="None"/>
			<property name="SortOrder1" value="0200"/>
			<property name="SortOrder2" value="1112"/>
		</block>
		<block name="armorRackPlayerFemaleYellow_B">
			<property name="Extends" value="armorRackPlayerFemaleYellow"/>
			<property name="MultiBlockDim" value="1,2,1"/>
			<property name="CreativeMode" value="None"/>
			<property name="SortOrder1" value="0200"/>
			<property name="SortOrder2" value="1113"/>
		</block>
		<block name="armorRackPlayerFemaleTan_B">
			<property name="Extends" value="armorRackPlayerFemaleTan"/>
			<property name="MultiBlockDim" value="1,2,1"/>
			<property name="CreativeMode" value="None"/>
			<property name="SortOrder1" value="0200"/>
			<property name="SortOrder2" value="1114"/>
		</block>
		<block name="armorRackPlayerFemalePink_B">
			<property name="Extends" value="armorRackPlayerFemalePink"/>
			<property name="MultiBlockDim" value="1,2,1"/>
			<property name="CreativeMode" value="None"/>
			<property name="SortOrder1" value="0200"/>
			<property name="SortOrder2" value="1115"/>
		</block>
		<block name="armorRackPlayerMaleWhite_B">
			<property name="Extends" value="armorRackPlayerMaleWhite"/>
			<property name="MultiBlockDim" value="1,2,1"/>
			<property name="CreativeMode" value="None"/>
			<property name="SortOrder1" value="0300"/>
			<property name="SortOrder2" value="1200"/>
		</block>
		<block name="armorRackPlayerMaleBlack_B">
			<property name="Extends" value="armorRackPlayerMaleBlack"/>
			<property name="MultiBlockDim" value="1,2,1"/>
			<property name="CreativeMode" value="None"/>
			<property name="SortOrder1" value="0300"/>
			<property name="SortOrder2" value="1201"/>
		</block>
		<block name="armorRackPlayerMaleDarkGray_B">
			<property name="Extends" value="armorRackPlayerMaleDarkGray"/>
			<property name="MultiBlockDim" value="1,2,1"/>
			<property name="CreativeMode" value="None"/>
			<property name="SortOrder1" value="0300"/>
			<property name="SortOrder2" value="1202"/>
		</block>
		<block name="armorRackPlayerMaleRed_B">
			<property name="Extends" value="armorRackPlayerMaleRed"/>
			<property name="MultiBlockDim" value="1,2,1"/>
			<property name="CreativeMode" value="None"/>
			<property name="SortOrder1" value="0300"/>
			<property name="SortOrder2" value="1203"/>
		</block>
		<block name="armorRackPlayerMaleBlue_B">
			<property name="Extends" value="armorRackPlayerMaleBlue"/>
			<property name="MultiBlockDim" value="1,2,1"/>
			<property name="CreativeMode" value="None"/>
			<property name="SortOrder1" value="0300"/>
			<property name="SortOrder2" value="1204"/>
		</block>
		<block name="armorRackPlayerMaleGreen_B">
			<property name="Extends" value="armorRackPlayerMaleGreen"/>
			<property name="MultiBlockDim" value="1,2,1"/>
			<property name="CreativeMode" value="None"/>
			<property name="SortOrder1" value="0300"/>
			<property name="SortOrder2" value="1205"/>
		</block>
		<block name="armorRackPlayerMaleBrown_B">
			<property name="Extends" value="armorRackPlayerMaleBrown"/>
			<property name="MultiBlockDim" value="1,2,1"/>
			<property name="CreativeMode" value="None"/>
			<property name="SortOrder1" value="0300"/>
			<property name="SortOrder2" value="1206"/>
		</block>
		<block name="armorRackPlayerMalePurple_B">
			<property name="Extends" value="armorRackPlayerMalePurple"/>
			<property name="MultiBlockDim" value="1,2,1"/>
			<property name="CreativeMode" value="None"/>
			<property name="SortOrder1" value="0300"/>
			<property name="SortOrder2" value="1207"/>
		</block>
		<block name="armorRackPlayerMaleLightGray_B">
			<property name="Extends" value="armorRackPlayerMaleLightGray"/>
			<property name="MultiBlockDim" value="1,2,1"/>
			<property name="CreativeMode" value="None"/>
			<property name="SortOrder1" value="0300"/>
			<property name="SortOrder2" value="1208"/>
		</block>
		<block name="armorRackPlayerMaleLightGreen_B">
			<property name="Extends" value="armorRackPlayerMaleLightGreen"/>
			<property name="MultiBlockDim" value="1,2,1"/>
			<property name="CreativeMode" value="None"/>
			<property name="SortOrder1" value="0300"/>
			<property name="SortOrder2" value="1209"/>
		</block>
		<block name="armorRackPlayerMaleLightBlue_B">
			<property name="Extends" value="armorRackPlayerMaleLightBlue"/>
			<property name="MultiBlockDim" value="1,2,1"/>
			<property name="CreativeMode" value="None"/>
			<property name="SortOrder1" value="0300"/>
			<property name="SortOrder2" value="1210"/>
		</block>
		<block name="armorRackPlayerMaleCyan_B">
			<property name="Extends" value="armorRackPlayerMaleCyan"/>
			<property name="MultiBlockDim" value="1,2,1"/>
			<property name="CreativeMode" value="None"/>
			<property name="SortOrder1" value="0300"/>
			<property name="SortOrder2" value="1211"/>
		</block>
		<block name="armorRackPlayerMaleOrange_B">
			<property name="Extends" value="armorRackPlayerMaleOrange"/>
			<property name="MultiBlockDim" value="1,2,1"/>
			<property name="CreativeMode" value="None"/>
			<property name="SortOrder1" value="0300"/>
			<property name="SortOrder2" value="1212"/>
		</block>
		<block name="armorRackPlayerMaleYellow_B">
			<property name="Extends" value="armorRackPlayerMaleYellow"/>
			<property name="MultiBlockDim" value="1,2,1"/>
			<property name="CreativeMode" value="None"/>
			<property name="SortOrder1" value="0300"/>
			<property name="SortOrder2" value="1213"/>
		</block>
		<block name="armorRackPlayerMaleTan_B">
			<property name="Extends" value="armorRackPlayerMaleTan"/>
			<property name="MultiBlockDim" value="1,2,1"/>
			<property name="CreativeMode" value="None"/>
			<property name="SortOrder1" value="0300"/>
			<property name="SortOrder2" value="1214"/>
		</block>
		<block name="armorRackPlayerMalePink_B">
			<property name="Extends" value="armorRackPlayerMalePink"/>
			<property name="MultiBlockDim" value="1,2,1"/>
			<property name="CreativeMode" value="None"/>
			<property name="SortOrder1" value="0300"/>
			<property name="SortOrder2" value="1215"/>
		</block>
		<block name="armorRackPlayerHelper">
			<property name="Extends" value="armorRackPlayerMaleWhite"/>
			<property name="CustomIcon" value="armorRackPlayerMale"/>
			<property name="ItemTypeIcon" value="all_blocks"/>
			<property name="DescriptionKey" value="weaponRackPlayerDesc"/>
			<property name="WaterFlow" value="permitted"/>
			<property name="PickupJournalEntry" value="shapeMenuTip"/>
			<property name="SelectAlternates" value="true"/>
			<property name="PlaceAltBlockValue" value="armorRackPlayerFemaleWhite,armorRackPlayerFemaleBlack,armorRackPlayerFemaleDarkGray,armorRackPlayerFemaleRed,armorRackPlayerFemaleBlue,armorRackPlayerFemaleGreen,armorRackPlayerFemaleBrown,armorRackPlayerFemalePurple,armorRackPlayerFemaleLightGray,armorRackPlayerFemaleLightGreen,armorRackPlayerFemaleLightBlue,armorRackPlayerFemaleCyan,armorRackPlayerFemaleOrange,armorRackPlayerFemaleYellow,armorRackPlayerFemaleTan,armorRackPlayerFemalePink,armorRackPlayerMaleWhite,armorRackPlayerMaleBlack,armorRackPlayerMaleDarkGray,armorRackPlayerMaleRed,armorRackPlayerMaleBlue,armorRackPlayerMaleGreen,armorRackPlayerMaleBrown,armorRackPlayerMalePurple,armorRackPlayerMaleLightGray,armorRackPlayerMaleLightGreen,armorRackPlayerMaleLightBlue,armorRackPlayerMaleCyan,armorRackPlayerMaleOrange,armorRackPlayerMaleYellow,armorRackPlayerMaleTan,armorRackPlayerMalePink,armorRackPlayerFemaleWhite_B,armorRackPlayerFemaleBlack_B,armorRackPlayerFemaleDarkGray_B,armorRackPlayerFemaleRed_B,armorRackPlayerFemaleBlue_B,armorRackPlayerFemaleGreen_B,armorRackPlayerFemaleBrown_B,armorRackPlayerFemalePurple_B,armorRackPlayerFemaleLightGray_B,armorRackPlayerFemaleLightGreen_B,armorRackPlayerFemaleLightBlue_B,armorRackPlayerFemaleCyan_B,armorRackPlayerFemaleOrange_B,armorRackPlayerFemaleYellow_B,armorRackPlayerFemaleTan_B,armorRackPlayerFemalePink_B,armorRackPlayerMaleWhite_B,armorRackPlayerMaleBlack_B,armorRackPlayerMaleDarkGray_B,armorRackPlayerMaleRed_B,armorRackPlayerMaleBlue_B,armorRackPlayerMaleGreen_B,armorRackPlayerMaleBrown_B,armorRackPlayerMalePurple_B,armorRackPlayerMaleLightGray_B,armorRackPlayerMaleLightGreen_B,armorRackPlayerMaleLightBlue_B,armorRackPlayerMaleCyan_B,armorRackPlayerMaleOrange_B,armorRackPlayerMaleYellow_B,armorRackPlayerMaleTan_B,armorRackPlayerMalePink_B"/>
		</block>
	</append>
</configs>
